{
  "name": "My workflow",
  "nodes": [
    {
      "parameters": {
        "httpMethod": "POST",
        "path": "entry-detected",
        "options": {}
      },
      "id": "65df67ff-b3ae-49e4-be63-c08cacb9b94c",
      "name": "Webhook_Entry_Detected",
      "type": "n8n-nodes-base.webhook",
      "typeVersion": 1,
      "position": [
        -752,
        240
      ],
      "webhookId": "e23c69a8-8b15-44ef-b2c3-2bbd4ea3c33a"
    },
    {
      "parameters": {
        "url": "http://kyc-service:8080/verify",
        "options": {}
      },
      "id": "f28c2b54-59bb-49bc-95d9-8a7f31653a80",
      "name": "Call_KYC_Service",
      "type": "n8n-nodes-base.httpRequest",
      "typeVersion": 1,
      "position": [
        -544,
        240
      ]
    },
    {
      "parameters": {
        "conditions": {
          "boolean": [
            {
              "value1": "{{ $node['Call_KYC_Service'].json.matched }}",
              "value2": true
            }
          ]
        }
      },
      "id": "0f5d07de-bcf2-4508-99a5-7ac83fa3ddae",
      "name": "Check_KYC_Result",
      "type": "n8n-nodes-base.if",
      "typeVersion": 1,
      "position": [
        -352,
        240
      ]
    },
    {
      "parameters": {
        "url": "http://core-banking:8080/profile",
        "options": {}
      },
      "id": "d2ba4413-1037-4a8f-adf2-5933a5d2ec4c",
      "name": "Fetch_Core_Profile",
      "type": "n8n-nodes-base.httpRequest",
      "typeVersion": 1,
      "position": [
        -144,
        240
      ]
    },
    {
      "parameters": {
        "url": "http://reco-engine:8080/next-best-action",
        "options": {}
      },
      "id": "7b7503d8-c6ff-4ed1-b884-878c021e5ce0",
      "name": "Call_Recommendation_Engine",
      "type": "n8n-nodes-base.httpRequest",
      "typeVersion": 1,
      "position": [
        64,
        240
      ]
    },
    {
      "parameters": {
        "operation": "set",
        "key": "session:{{ $node['Call_KYC_Service'].json.user_id }}",
        "value": "{{ JSON.stringify({ profile: $node['Fetch_Core_Profile'].json, reco: $node['Call_Recommendation_Engine'].json }) }}",
        "expire": true,
        "ttl": 3600
      },
      "id": "bae1ce8c-c487-47fc-a28e-fb1dae6f6297",
      "name": "Store_Session_Context",
      "type": "n8n-nodes-base.redis",
      "typeVersion": 1,
      "position": [
        256,
        240
      ]
    },
    {
      "parameters": {
        "mode": "rule"
      },
      "id": "a0d9f2f1-10b0-49c7-94ce-f543c08785e9",
      "name": "Route_To_Touchpoint",
      "type": "n8n-nodes-base.switch",
      "typeVersion": 1,
      "position": [
        464,
        240
      ]
    },
    {
      "parameters": {
        "url": "http://kiosk:8080/session",
        "options": {}
      },
      "id": "3bf6b594-29a2-494a-be27-9d9ec2a7e784",
      "name": "Notify_Kiosk",
      "type": "n8n-nodes-base.httpRequest",
      "typeVersion": 1,
      "position": [
        656,
        176
      ]
    },
    {
      "parameters": {
        "url": "http://staff-tablet:8080/session",
        "options": {}
      },
      "id": "2be96071-c83b-48b8-b66d-f32822307887",
      "name": "Notify_Staff_Tablet",
      "type": "n8n-nodes-base.httpRequest",
      "typeVersion": 1,
      "position": [
        656,
        288
      ]
    },
    {
      "parameters": {
        "httpMethod": "POST",
        "path": "session-start",
        "options": {}
      },
      "id": "22f3d7de-be07-4229-a88c-d3534e425cb2",
      "name": "Webhook_Session_Start",
      "type": "n8n-nodes-base.webhook",
      "typeVersion": 1,
      "position": [
        -752,
        432
      ],
      "webhookId": "8858d894-01c8-4cb5-acf2-ebe2d6ef2879"
    },
    {
      "parameters": {
        "operation": "get",
        "key": "session:{{ $json.user_id }}",
        "options": {}
      },
      "id": "4bc38482-604a-46b0-b77f-28887cefff01",
      "name": "Fetch_Session_Context",
      "type": "n8n-nodes-base.redis",
      "typeVersion": 1,
      "position": [
        -544,
        432
      ]
    },
    {
      "parameters": {
        "url": "http://claude-api:8080/process",
        "options": {}
      },
      "id": "3f81dca8-ba44-4ec1-91bf-eefd351b949f",
      "name": "Call_Claude_NLP",
      "type": "n8n-nodes-base.httpRequest",
      "typeVersion": 1,
      "position": [
        -352,
        432
      ]
    },
    {
      "parameters": {
        "mode": "rule"
      },
      "id": "e9eb98d8-5a5b-4607-b731-dd1a69580247",
      "name": "Map_Intent",
      "type": "n8n-nodes-base.switch",
      "typeVersion": 1,
      "position": [
        -144,
        432
      ]
    },
    {
      "parameters": {
        "url": "http://core-banking:8080/balance",
        "options": {}
      },
      "id": "6cd471d2-51e9-4344-86ef-354c46a52890",
      "name": "Get_Balance",
      "type": "n8n-nodes-base.httpRequest",
      "typeVersion": 1,
      "position": [
        64,
        384
      ]
    },
    {
      "parameters": {
        "url": "http://core-banking:8080/transfer",
        "options": {}
      },
      "id": "545ae449-d463-42b5-92d2-bd2e0d4c65eb",
      "name": "Perform_Transfer",
      "type": "n8n-nodes-base.httpRequest",
      "typeVersion": 1,
      "position": [
        64,
        480
      ]
    },
    {
      "parameters": {
        "url": "http://kyc-service:8080/2fa",
        "options": {}
      },
      "id": "55849fd3-9e33-4047-b6e0-79adff30ef8e",
      "name": "Perform_2FA",
      "type": "n8n-nodes-base.httpRequest",
      "typeVersion": 1,
      "position": [
        -32,
        480
      ]
    },
    {
      "parameters": {
        "url": "http://datalake:8080/log",
        "options": {}
      },
      "id": "653b7a69-976f-4fa7-9327-6e29b77df4d0",
      "name": "Log_Transaction",
      "type": "n8n-nodes-base.httpRequest",
      "typeVersion": 1,
      "position": [
        256,
        480
      ]
    },
    {
      "parameters": {
        "url": "http://crm:8080/case",
        "options": {}
      },
      "id": "3b475b23-bfd9-42ea-b2d4-ee1e5c450ecd",
      "name": "Create_CRM_Case",
      "type": "n8n-nodes-base.httpRequest",
      "typeVersion": 1,
      "position": [
        64,
        576
      ]
    },
    {
      "parameters": {
        "options": {}
      },
      "id": "54f1fac8-0e1d-4a08-9729-746e0f8e5c20",
      "name": "Stream_High_Risk_Tx",
      "type": "n8n-nodes-base.kafkaTrigger",
      "typeVersion": 1,
      "position": [
        -752,
        640
      ]
    },
    {
      "parameters": {
        "url": "http://iva:8080/correlate",
        "options": {}
      },
      "id": "3dffd82a-f265-4a06-b06c-ebf1cefe703f",
      "name": "Behavioral_Correlation",
      "type": "n8n-nodes-base.httpRequest",
      "typeVersion": 1,
      "position": [
        -544,
        640
      ]
    },
    {
      "parameters": {
        "url": "http://geo-service:8080/verify",
        "options": {}
      },
      "id": "c0042a2a-996f-4c09-a18b-3b14a6bcb6dc",
      "name": "Geolocation_Check",
      "type": "n8n-nodes-base.httpRequest",
      "typeVersion": 1,
      "position": [
        -352,
        640
      ]
    },
    {
      "parameters": {
        "conditions": {
          "boolean": [
            {
              "value1": "{{ $node['Behavioral_Correlation'].json.risk_score > 0.8 && $node['Geolocation_Check'].json.is_valid }}"
            }
          ]
        }
      },
      "id": "5ad196fc-cf8e-4f9a-899f-0d8a4fa6ace8",
      "name": "Evaluate_Risk",
      "type": "n8n-nodes-base.if",
      "typeVersion": 1,
      "position": [
        -144,
        640
      ]
    },
    {
      "parameters": {
        "url": "http://core-banking:8080/hold",
        "options": {}
      },
      "id": "60e47f45-6267-4c89-9e51-f588033e5bcd",
      "name": "Place_Hold",
      "type": "n8n-nodes-base.httpRequest",
      "typeVersion": 1,
      "position": [
        64,
        576
      ]
    },
    {
      "parameters": {
        "url": "http://crm:8080/case",
        "options": {}
      },
      "id": "41d3c8e5-95dc-4f70-8e49-9cf776daf4b0",
      "name": "Create_CRM_Case_Fraud",
      "type": "n8n-nodes-base.httpRequest",
      "typeVersion": 1,
      "position": [
        256,
        576
      ]
    },
    {
      "parameters": {
        "url": "http://notification:8080/send",
        "options": {}
      },
      "id": "2d9a8f01-bdc8-40ec-992a-7843dde96cdd",
      "name": "Notify_Customer",
      "type": "n8n-nodes-base.httpRequest",
      "typeVersion": 1,
      "position": [
        464,
        576
      ]
    },
    {
      "parameters": {
        "url": "http://core-banking:8080/clear",
        "options": {}
      },
      "id": "0a5c335e-04f8-4e68-900b-2bda61c02ab2",
      "name": "Clear_Transaction",
      "type": "n8n-nodes-base.httpRequest",
      "typeVersion": 1,
      "position": [
        64,
        688
      ]
    },
    {
      "parameters": {
        "url": "http://datalake:8080/feedback",
        "options": {}
      },
      "id": "846d552f-5230-485f-8cc7-6a957deac731",
      "name": "Update_ML_Feedback",
      "type": "n8n-nodes-base.httpRequest",
      "typeVersion": 1,
      "position": [
        256,
        688
      ]
    }
  ],
  "connections": {
    "Webhook_Entry_Detected": {
      "main": [
        [
          {
            "node": "Call_KYC_Service",
            "type": "main",
            "index": 0
          }
        ]
      ]
    },
    "Call_KYC_Service": {
      "main": [
        [
          {
            "node": "Check_KYC_Result",
            "type": "main",
            "index": 0
          }
        ]
      ]
    },
    "Check_KYC_Result": {
      "main": [
        [
          {
            "node": "Fetch_Core_Profile",
            "type": "main",
            "index": 0
          }
        ]
      ]
    },
    "Fetch_Core_Profile": {
      "main": [
        [
          {
            "node": "Call_Recommendation_Engine",
            "type": "main",
            "index": 0
          }
        ]
      ]
    },
    "Call_Recommendation_Engine": {
      "main": [
        [
          {
            "node": "Store_Session_Context",
            "type": "main",
            "index": 0
          }
        ]
      ]
    },
    "Store_Session_Context": {
      "main": [
        [
          {
            "node": "Route_To_Touchpoint",
            "type": "main",
            "index": 0
          }
        ]
      ]
    },
    "Route_To_Touchpoint": {
      "main": [
        [
          {
            "node": "Notify_Kiosk",
            "type": "main",
            "index": 0
          }
        ],
        [
          {
            "node": "Notify_Staff_Tablet",
            "type": "main",
            "index": 0
          }
        ]
      ]
    },
    "Webhook_Session_Start": {
      "main": [
        [
          {
            "node": "Fetch_Session_Context",
            "type": "main",
            "index": 0
          }
        ]
      ]
    },
    "Fetch_Session_Context": {
      "main": [
        [
          {
            "node": "Call_Claude_NLP",
            "type": "main",
            "index": 0
          }
        ]
      ]
    },
    "Call_Claude_NLP": {
      "main": [
        [
          {
            "node": "Map_Intent",
            "type": "main",
            "index": 0
          }
        ]
      ]
    },
    "Map_Intent": {
      "main": [
        [
          {
            "node": "Get_Balance",
            "type": "main",
            "index": 0
          }
        ],
        [
          {
            "node": "Perform_2FA",
            "type": "main",
            "index": 0
          }
        ],
        [
          {
            "node": "Create_CRM_Case",
            "type": "main",
            "index": 0
          }
        ]
      ]
    },
    "Perform_2FA": {
      "main": [
        [
          {
            "node": "Perform_Transfer",
            "type": "main",
            "index": 0
          }
        ]
      ]
    },
    "Perform_Transfer": {
      "main": [
        [
          {
            "node": "Log_Transaction",
            "type": "main",
            "index": 0
          }
        ]
      ]
    },
    "Stream_High_Risk_Tx": {
      "main": [
        [
          {
            "node": "Behavioral_Correlation",
            "type": "main",
            "index": 0
          }
        ]
      ]
    },
    "Behavioral_Correlation": {
      "main": [
        [
          {
            "node": "Geolocation_Check",
            "type": "main",
            "index": 0
          }
        ]
      ]
    },
    "Geolocation_Check": {
      "main": [
        [
          {
            "node": "Evaluate_Risk",
            "type": "main",
            "index": 0
          }
        ]
      ]
    },
    "Evaluate_Risk": {
      "main": [
        [
          {
            "node": "Place_Hold",
            "type": "main",
            "index": 0
          }
        ],
        [
          {
            "node": "Clear_Transaction",
            "type": "main",
            "index": 0
          }
        ]
      ]
    },
    "Place_Hold": {
      "main": [
        [
          {
            "node": "Create_CRM_Case_Fraud",
            "type": "main",
            "index": 0
          }
        ]
      ]
    },
    "Create_CRM_Case_Fraud": {
      "main": [
        [
          {
            "node": "Notify_Customer",
            "type": "main",
            "index": 0
          }
        ]
      ]
    },
    "Clear_Transaction": {
      "main": [
        [
          {
            "node": "Update_ML_Feedback",
            "type": "main",
            "index": 0
          }
        ]
      ]
    }
  },
  "settings": {
    "executionOrder": "v1"
  },
  "staticData": null,
  "pinData": {},
  "triggerCount": 2,
  "meta": null
}